<?xml version="1.0" encoding="UTF-8"?>
<!DOCTYPE mapper
    PUBLIC "-//mybatis.org//DTD Mapper 3.0//EN"
    "https://mybatis.org/dtd/mybatis-3-mapper.dtd">
  <mapper namespace="Member">
  	<select id="checkId" parameterType="string" resultType="int">
  		SELECT count(*) FROM USERS WHERE USER_ID = #{user_id}
  	</select>
  
 	<insert id="join" parameterType="userdto">
 		INSERT INTO USERS VALUES (#{user_id},#{user_pw},#{user_name},#{user_phone},#{user_gender},'???')
 	</insert>
 	
 	<select id="login" parameterType="hashmap" resultType="userdto">
 		SELECT * FROM USERS WHERE USER_ID = #{user_id} AND USER_PW = #{user_pw}
 	</select>
 	
	<select id="searchByname" parameterType="hashmap" resultType="userdto">
		 SELECT * FROM USERS WHERE USER_NAME = #{user_name} AND USER_PHONE = #{user_phone}
	</select>
	
	<select id="searchByphone" parameterType="userdto" resultType="userdto">
	    SELECT *
	    FROM USERS
	    WHERE USER_NAME = #{user_name, jdbcType=VARCHAR}
	    AND USER_PHONE = #{user_phone, jdbcType=VARCHAR}
	</select>	
  </mapper>